1;Nowoczesne;Strona główna;0;lampy-nowoczesne-nowodvorski,16
1;Kinkiety;Nowoczesne;0;nowoczesne-kinkiety-scienne,29
1;Lampy biurkowe;Nowoczesne;0;lampy-biurkowe-nocne,28
1;Lampy podłogowe;Nowoczesne;0;lampy-podlogowe-nowodvorski,27
1;Oświetlenie punktowe;Nowoczesne;0;oswietlenie-punktowe-lampy-do-zabudowy-halogeny,42
1;Spotlights;Nowoczesne;0;lampy-typu-spotlight-nowodvorski,58
1;Plafony sufitowe;Nowoczesne;0;nowoczesne-plafony-sufitowe,39
1;Żyrandole;Nowoczesne;0;nowoczesne-zyrandole-nowodvorski,26
1;Klasyczne;Strona główna;0;lampy-klasyczne-nowodvorski,21
1;Kinkiety;Klasyczne;0;klasyczne-stylowe-kinkiety,30
1;Lampy biurkowe;Klasyczne;0;lampy-biurkowe-gabinetowe-nowodvorski,38
1;Lampy podłogowe;Klasyczne;0;lampy-podlogowe-nowodvorski,31
1;Plafony sufitowe;Klasyczne;0;klasyczne-stylowe-plafony-sufitowe,43
1;Żyrandole;Klasyczne;0;klasyczne-lampy-i-zyrandole-nowodvorski,32
1;Dziecięce;Strona główna;0;lampki-dzieciece-lampy-do-pokoju-dziecka,24
1;Kuchenne;Strona główna;0;lampy-kuchenne-nowodvorski,17
1;Łazienkowe;Strona główna;0;lampy-lazienkowe-nowodvorski,23
1;Ogrodowe;Strona główna;0;lampy-ogrodowe-nowodvorski,40
1;Systemy;Strona główna;0;systemy,161
1;Cameleon;Systemy;0;cameleon-system,160
1;Żarówki;Strona główna;0;zarowki,56
